Model,Price,Link,Rank
Кроссовки NIKE AIR ZOOM PEGASUS 36,470.00,https://www.lamoda.by/p/rtlabr125401/shoes-nike-krossovki/,125
Кроссовки EPIC REACT FLYKNIT 2,535.00,https://www.lamoda.by/p/rtlabx755402/shoes-nike-krossovki/,103
Кроссовки NIKE DEFYALLDAY 4E,363.00,https://www.lamoda.by/p/rtlabr084901/shoes-nike-krossovki/,44
Кроссовки AIR MAX 270 REACT,503.00,https://www.lamoda.by/p/rtlabr127501/shoes-nike-krossovki/,159
Кроссовки NIKE ODYSSEY REACT 2 SHIELD,525.00,https://www.lamoda.by/p/ni464amgqdb5/shoes-nike-krossovki/,9
Кроссовки NIKE DEFYALLDAY,289.00,https://www.lamoda.by/p/rtlaax101501/shoes-nike-krossovki/,369
Кроссовки NIKE DEFYALLDAY,227.00,https://www.lamoda.by/p/rtlaaw106001/shoes-nike-krossovki/,270
Кроссовки AIR MAX GENOME,678.00,https://www.lamoda.by/p/ni464ammqbx8/shoes-nike-krossovki/,140
Кроссовки NIKE PRECISION IV,269.00,https://www.lamoda.by/p/ni464amjnjh8/shoes-nike-krossovki/,31
Кроссовки NIKE AIR ZOOM PEGASUS 34,366.00,https://www.lamoda.by/p/rtlabx245301/shoes-nike-krossovki/,
Кроссовки NIKE REACT METCON,493.00,https://www.lamoda.by/p/ni464amhvqa8/shoes-nike-krossovki/,20
Кроссовки AIR TUNED MAX,719.00,https://www.lamoda.by/p/rtlaax845501/shoes-nike-krossovki/,24
Кроссовки NIKE QUEST 3 SHIELD,301.00 р.,https://www.lamoda.by/p/ni464amjnka1/shoes-nike-krossovki/,17
Кроссовки NIKE AIR MAX EXCEE,648.00,https://www.lamoda.by/p/rtlabq944601/shoes-nike-krossovki/,98
Кеды ZOOM JANOSKI FLYLEATHER RM,308.00,https://www.lamoda.by/p/rtlaby601701/shoes-nike-kedy/,9
Кроссовки NIKE ZOOM PULSE,447.00,https://www.lamoda.by/p/rtlabx765702/shoes-nike-krossovki/,50
Кроссовки Jordan Delta 3 Low,778.00 р.,https://www.lamoda.by/p/rtlaci986801/shoes-jordan-krossovki/,
Кроссовки Jordan Air 200E,726.00 р.,https://www.lamoda.by/p/rtlaci984601/shoes-jordan-krossovki/,
Кроссовки NIKE AIR MAX AP,483.00,https://www.lamoda.by/p/rtlabq952301/shoes-nike-krossovki/,53
Кроссовки Jordan Air 200E,755.00 р.,https://www.lamoda.by/p/rtlaci984701/shoes-jordan-krossovki/,
Кроссовки NIKE AIR MAX INVIGOR PRINT,,https://www.lamoda.by/p/rtlabx738802/shoes-nike-krossovki/,77
Кроссовки NIKE RUN SWIFT 2,248.00,https://www.lamoda.by/p/ni464amlzru7/shoes-nike-krossovki/,100
